Carlos Andres;Firigua Contreras;3156091298;clfirigua2020@gmail.com;1007765448;clfirigua;Triangulo2
Carlos Andres;Firigua Contreras;3156091299;clfirigua2020@gmail.com;1007765449;clfirigua;Triangulo3
Carlos Andres;Firigua Contreras;3156091300;clfirigua2020@gmail.com;1007765450;clfirigua;Triangulo4
Carlos Andres;Firigua Contreras;3156091301;clfirigua2020@gmail.com;1007765451;clfirigua;Triangulo5
Carlos Andres;Firigua Contreras;3156091302;clfirigua2020@gmail.com;1007765452;clfirigua;Triangulo6
Carlos Andres;Firigua Contreras;3156091303;clfirigua2020@gmail.com;1007765453;clfirigua;Triangulo7
Carlos Andres;Firigua Contreras;3156091304;clfirigua2020@gmail.com;1007765454;clfirigua;Triangulo8
Carlos Andres;Firigua Contreras;3156091305;clfirigua2020@gmail.com;1007765455;clfirigua;Triangulo9
Carlos Andres;Firigua Contreras;3156091306;clfirigua2020@gmail.com;1007765456;clfirigua;Triangulo10
Carlos Andres;Firigua Contreras;3156091307;clfirigua2020@gmail.com;1007765457;clfirigua;Triangulo11
Carlos Andres;Firigua Contreras;3156091308;clfirigua2020@gmail.com;1007765458;clfirigua;Triangulo12
Carlos Andres;Firigua Contreras;3156091309;clfirigua2020@gmail.com;1007765459;clfirigua;Triangulo13
Carlos Andres;Firigua Contreras;3156091310;clfirigua2020@gmail.com;1007765460;clfirigua;Triangulo14
Carlos Andres;Firigua Contreras;3156091311;clfirigua2020@gmail.com;1007765461;clfirigua;Triangulo15
Carlos Andres;Firigua Contreras;3156091312;clfirigua2020@gmail.com;1007765462;clfirigua;Triangulo16
Carlos Andres;Firigua Contreras;3156091313;clfirigua2020@gmail.com;1007765463;clfirigua;Triangulo17
Carlos Andres;Firigua Contreras;3156091314;clfirigua2020@gmail.com;1007765464;clfirigua;Triangulo18
Carlos Andres;Firigua Contreras;3156091315;clfirigua2020@gmail.com;1007765465;clfirigua;Triangulo19
Carlos Andres;Firigua Contreras;3156091316;clfirigua2020@gmail.com;1007765466;clfirigua;Triangulo20
Carlos Andres;Firigua Contreras;3156091317;clfirigua2020@gmail.com;1007765467;clfirigua;Triangulo21
Carlos Andres;Firigua Contreras;3156091318;clfirigua2020@gmail.com;1007765468;clfirigua;Triangulo22
Carlos Andres;Firigua Contreras;3156091319;clfirigua2020@gmail.com;1007765469;clfirigua;Triangulo23
Carlos Andres;Firigua Contreras;3156091320;clfirigua2020@gmail.com;1007765470;clfirigua;Triangulo24
Carlos Andres;Firigua Contreras;3156091321;clfirigua2020@gmail.com;1007765471;clfirigua;Triangulo25
Carlos Andres;Firigua Contreras;3156091322;clfirigua2020@gmail.com;1007765472;clfirigua;Triangulo26
Carlos Andres;Firigua Contreras;3156091323;clfirigua2020@gmail.com;1007765473;clfirigua;Triangulo27
Carlos Andres;Firigua Contreras;3156091324;clfirigua2020@gmail.com;1007765474;clfirigua;Triangulo28
Carlos Andres;Firigua Contreras;3156091325;clfirigua2020@gmail.com;1007765475;clfirigua;Triangulo29
Carlos Andres;Firigua Contreras;3156091326;clfirigua2020@gmail.com;1007765476;clfirigua;Triangulo30
Carlos Andres;Firigua Contreras;3156091327;clfirigua2020@gmail.com;1007765477;clfirigua;Triangulo31
Carlos Andres;Firigua Contreras;3156091328;clfirigua2020@gmail.com;1007765478;clfirigua;Triangulo32
Carlos Andres;Firigua Contreras;3156091329;clfirigua2020@gmail.com;1007765479;clfirigua;Triangulo33
Carlos Andres;Firigua Contreras;3156091330;clfirigua2020@gmail.com;1007765480;clfirigua;Triangulo34
Carlos Andres;Firigua Contreras;3156091331;clfirigua2020@gmail.com;1007765481;clfirigua;Triangulo35
Carlos Andres;Firigua Contreras;3156091332;clfirigua2020@gmail.com;1007765482;clfirigua;Triangulo36
Carlos Andres;Firigua Contreras;3156091333;clfirigua2020@gmail.com;1007765483;clfirigua;Triangulo37
Carlos Andres;Firigua Contreras;3156091334;clfirigua2020@gmail.com;1007765484;clfirigua;Triangulo38
Carlos Andres;Firigua Contreras;3156091335;clfirigua2020@gmail.com;1007765485;clfirigua;Triangulo39
Carlos Andres;Firigua Contreras;3156091336;clfirigua2020@gmail.com;1007765486;clfirigua;Triangulo40
Carlos Andres;Firigua Contreras;3156091337;clfirigua2020@gmail.com;1007765487;clfirigua;Triangulo41
Carlos Andres;Firigua Contreras;3156091338;clfirigua2020@gmail.com;1007765488;clfirigua;Triangulo42
Carlos Andres;Firigua Contreras;3156091339;clfirigua2020@gmail.com;1007765489;clfirigua;Triangulo43
Carlos Andres;Firigua Contreras;3156091340;clfirigua2020@gmail.com;1007765490;clfirigua;Triangulo44
Carlos Andres;Firigua Contreras;3156091341;clfirigua2020@gmail.com;1007765491;clfirigua;Triangulo45
Carlos Andres;Firigua Contreras;3156091342;clfirigua2020@gmail.com;1007765492;clfirigua;Triangulo46
Carlos Andres;Firigua Contreras;3156091343;clfirigua2020@gmail.com;1007765493;clfirigua;Triangulo47
Carlos Andres;Firigua Contreras;3156091344;clfirigua2020@gmail.com;1007765494;clfirigua;Triangulo48
Carlos Andres;Firigua Contreras;3156091345;clfirigua2020@gmail.com;1007765495;clfirigua;Triangulo49
Carlos Andres;Firigua Contreras;3156091346;clfirigua2020@gmail.com;1007765496;clfirigua;Triangulo50
Carlos Andres;Firigua Contreras;3156091347;clfirigua2020@gmail.com;1007765497;clfirigua;Triangulo51
Carlos Andres;Firigua Contreras;3156091348;clfirigua2020@gmail.com;1007765498;clfirigua;Triangulo52
Carlos Andres;Firigua Contreras;3156091349;clfirigua2020@gmail.com;1007765499;clfirigua;Triangulo53
Carlos Andres;Firigua Contreras;3156091350;clfirigua2020@gmail.com;1007765500;clfirigua;Triangulo54
Carlos Andres;Firigua Contreras;3156091351;clfirigua2020@gmail.com;1007765501;clfirigua;Triangulo55
Carlos Andres;Firigua Contreras;3156091352;clfirigua2020@gmail.com;1007765502;clfirigua;Triangulo56
Carlos Andres;Firigua Contreras;3156091353;clfirigua2020@gmail.com;1007765503;clfirigua;Triangulo57
Carlos Andres;Firigua Contreras;3156091354;clfirigua2020@gmail.com;1007765504;clfirigua;Triangulo58
Carlos Andres;Firigua Contreras;3156091355;clfirigua2020@gmail.com;1007765505;clfirigua;Triangulo59
Carlos Andres;Firigua Contreras;3156091356;clfirigua2020@gmail.com;1007765506;clfirigua;Triangulo60
Carlos Andres;Firigua Contreras;3156091357;clfirigua2020@gmail.com;1007765507;clfirigua;Triangulo61
Carlos Andres;Firigua Contreras;3156091358;clfirigua2020@gmail.com;1007765508;clfirigua;Triangulo62
Carlos Andres;Firigua Contreras;3156091359;clfirigua2020@gmail.com;1007765509;clfirigua;Triangulo63
Carlos Andres;Firigua Contreras;3156091360;clfirigua2020@gmail.com;1007765510;clfirigua;Triangulo64
Carlos Andres;Firigua Contreras;3156091361;clfirigua2020@gmail.com;1007765511;clfirigua;Triangulo65
Carlos Andres;Firigua Contreras;3156091362;clfirigua2020@gmail.com;1007765512;clfirigua;Triangulo66
Carlos Andres;Firigua Contreras;3156091363;clfirigua2020@gmail.com;1007765513;clfirigua;Triangulo67
Carlos Andres;Firigua Contreras;3156091364;clfirigua2020@gmail.com;1007765514;clfirigua;Triangulo68
Carlos Andres;Firigua Contreras;3156091365;clfirigua2020@gmail.com;1007765515;clfirigua;Triangulo69
Carlos Andres;Firigua Contreras;3156091366;clfirigua2020@gmail.com;1007765516;clfirigua;Triangulo70
Carlos Andres;Firigua Contreras;3156091367;clfirigua2020@gmail.com;1007765517;clfirigua;Triangulo71
Carlos Andres;Firigua Contreras;3156091368;clfirigua2020@gmail.com;1007765518;clfirigua;Triangulo72
Carlos Andres;Firigua Contreras;3156091369;clfirigua2020@gmail.com;1007765519;clfirigua;Triangulo73
Carlos Andres;Firigua Contreras;3156091370;clfirigua2020@gmail.com;1007765520;clfirigua;Triangulo74
Carlos Andres;Firigua Contreras;3156091371;clfirigua2020@gmail.com;1007765521;clfirigua;Triangulo75
Carlos Andres;Firigua Contreras;3156091372;clfirigua2020@gmail.com;1007765522;clfirigua;Triangulo76
Carlos Andres;Firigua Contreras;3156091373;clfirigua2020@gmail.com;1007765523;clfirigua;Triangulo77
Carlos Andres;Firigua Contreras;3156091374;clfirigua2020@gmail.com;1007765524;clfirigua;Triangulo78
Carlos Andres;Firigua Contreras;3156091375;clfirigua2020@gmail.com;1007765525;clfirigua;Triangulo79
Carlos Andres;Firigua Contreras;3156091376;clfirigua2020@gmail.com;1007765526;clfirigua;Triangulo80
Carlos Andres;Firigua Contreras;3156091377;clfirigua2020@gmail.com;1007765527;clfirigua;Triangulo81
Carlos Andres;Firigua Contreras;3156091378;clfirigua2020@gmail.com;1007765528;clfirigua;Triangulo82
Carlos Andres;Firigua Contreras;3156091379;clfirigua2020@gmail.com;1007765529;clfirigua;Triangulo83
Carlos Andres;Firigua Contreras;3156091380;clfirigua2020@gmail.com;1007765530;clfirigua;Triangulo84
Carlos Andres;Firigua Contreras;3156091381;clfirigua2020@gmail.com;1007765531;clfirigua;Triangulo85
Carlos Andres;Firigua Contreras;3156091382;clfirigua2020@gmail.com;1007765532;clfirigua;Triangulo86
Carlos Andres;Firigua Contreras;3156091383;clfirigua2020@gmail.com;1007765533;clfirigua;Triangulo87
Carlos Andres;Firigua Contreras;3156091384;clfirigua2020@gmail.com;1007765534;clfirigua;Triangulo88
Carlos Andres;Firigua Contreras;3156091385;clfirigua2020@gmail.com;1007765535;clfirigua;Triangulo89
Carlos Andres;Firigua Contreras;3156091386;clfirigua2020@gmail.com;1007765536;clfirigua;Triangulo90
Carlos Andres;Firigua Contreras;3156091387;clfirigua2020@gmail.com;1007765537;clfirigua;Triangulo91
Carlos Andres;Firigua Contreras;3156091388;clfirigua2020@gmail.com;1007765538;clfirigua;Triangulo92
Carlos Andres;Firigua Contreras;3156091389;clfirigua2020@gmail.com;1007765539;clfirigua;Triangulo93
Carlos Andres;Firigua Contreras;3156091390;clfirigua2020@gmail.com;1007765540;clfirigua;Triangulo94
Carlos Andres;Firigua Contreras;3156091391;clfirigua2020@gmail.com;1007765541;clfirigua;Triangulo95
Carlos Andres;Firigua Contreras;3156091392;clfirigua2020@gmail.com;1007765542;clfirigua;Triangulo96
Carlos Andres;Firigua Contreras;3156091393;clfirigua2020@gmail.com;1007765543;clfirigua;Triangulo97
Carlos Andres;Firigua Contreras;3156091394;clfirigua2020@gmail.com;1007765544;clfirigua;Triangulo98
Carlos Andres;Firigua Contreras;3156091395;clfirigua2020@gmail.com;1007765545;clfirigua;Triangulo99
Carlos Andres;Firigua Contreras;3156091396;clfirigua2020@gmail.com;1007765546;clfirigua;Triangulo100
Carlos Andres;Firigua Contreras;3156091397;clfirigua2020@gmail.com;1007765547;clfirigua;Triangulo101
Carlos Andres;Firigua Contreras;3156091398;clfirigua2020gmail.com;1007765548;clfirigua;Triangulo102
Carlos Andres;Firigua Contreras;3156091399;clfirigua2020@gmail;1007765549;clfirigua;Triangulo103
Carlos Andres;Firigua Contreras;3156091400;clfirigua2020@gmail;1007765550;;
Carlos Andres;Firigua Contreras;3156091401;clfirigua2020@gmail.com;1007765551;clfirigua;Triangulo104
Carlos Andres;Firigua Contreras;3156091402;clfirigua2020@gmail.com;1007765552;clfirigua;Triangulo105
Carlos Andres;Firigua Contreras;3156091403;clfirigua2020@gmail.com;1007765553;clfirigua;Triangulo106
Carlos Andres;Firigua Contreras;3156091404;clfirigua2020gmail.com;1007765554;clfirigua;Triangulo107
Carlos Andres;Firigua Contreras;3156091405;clfirigua2020@gmail;1007765555;clfirigua;Triangulo108
Carlos Andres;Firigua Contreras;3156091406;clfirigua2020@gmail;1007765556;;
Carlos Andres;Firigua Contreras;3156091407;clfirigua2020@gmail.com;1007765557;clfirigua;Triangulo109
Carlos Andres;Firigua Contreras;3156091408;clfirigua2020@gmail.com;1007765558;clfirigua;Triangulo110
Carlos Andres;Firigua Contreras;3156091409;clfirigua2020@gmail.com;1007765559;clfirigua;Triangulo111
Carlos Andres;Firigua Contreras;3156091410;clfirigua2020gmail.com;1007765560;clfirigua;Triangulo112
Carlos Andres;Firigua Contreras;3156091411;clfirigua2020@gmail;1007765561;clfirigua;Triangulo113
Carlos Andres;Firigua Contreras;3156091412;clfirigua2020@gmail;1007765562;;
Carlos Andres;Firigua Contreras;3156091413;clfirigua2020@gmail.com;1007765563;clfirigua;Triangulo114
Carlos Andres;Firigua Contreras;3156091414;clfirigua2020@gmail.com;1007765564;clfirigua;Triangulo115
Carlos Andres;Firigua Contreras;3156091415;clfirigua2020@gmail.com;1007765565;clfirigua;Triangulo116
Carlos Andres;Firigua Contreras;3156091416;clfirigua2020gmail.com;1007765566;clfirigua;Triangulo117
Carlos Andres;Firigua Contreras;3156091417;clfirigua2020@gmail;1007765567;clfirigua;Triangulo118
Carlos Andres;Firigua Contreras;3156091418;clfirigua2020@gmail;1007765568;;
Carlos Andres;Firigua Contreras;3156091419;clfirigua2020@gmail.com;1007765569;clfirigua;Triangulo119
Carlos Andres;Firigua Contreras;3156091420;clfirigua2020@gmail.com;1007765570;clfirigua;Triangulo120
Carlos Andres;Firigua Contreras;3156091421;clfirigua2020@gmail.com;1007765571;clfirigua;Triangulo121
Carlos Andres;Firigua Contreras;3156091422;clfirigua2020gmail.com;1007765572;clfirigua;Triangulo122
Carlos Andres;Firigua Contreras;3156091423;clfirigua2020@gmail;1007765573;clfirigua;Triangulo123
Carlos Andres;Firigua Contreras;3156091424;clfirigua2020@gmail;1007765574;;
Carlos Andres;Firigua Contreras;3156091425;clfirigua2020@gmail.com;1007765575;clfirigua;Triangulo124
Carlos Andres;Firigua Contreras;3156091426;clfirigua2020@gmail.com;1007765576;clfirigua;Triangulo125
Carlos Andres;Firigua Contreras;3156091427;clfirigua2020@gmail.com;1007765577;clfirigua;Triangulo126
Carlos Andres;Firigua Contreras;3156091428;clfirigua2020gmail.com;1007765578;clfirigua;Triangulo127
Carlos Andres;Firigua Contreras;3156091429;clfirigua2020@gmail;1007765579;clfirigua;Triangulo128
Carlos Andres;Firigua Contreras;3156091430;clfirigua2020@gmail;1007765580;;
Carlos Andres;Firigua Contreras;3156091431;clfirigua2020@gmail.com;1007765581;clfirigua;Triangulo129
Carlos Andres;Firigua Contreras;3156091432;clfirigua2020@gmail.com;1007765582;clfirigua;Triangulo130
Carlos Andres;Firigua Contreras;3156091433;clfirigua2020@gmail.com;1007765583;clfirigua;Triangulo131
Carlos Andres;Firigua Contreras;3156091434;clfirigua2020gmail.com;1007765584;clfirigua;Triangulo132
Carlos Andres;Firigua Contreras;3156091435;clfirigua2020@gmail;1007765585;clfirigua;Triangulo133
Carlos Andres;Firigua Contreras;3156091436;clfirigua2020@gmail;1007765586;;
Carlos Andres;Firigua Contreras;3156091437;clfirigua2020@gmail.com;1007765587;clfirigua;Triangulo134
Carlos Andres;Firigua Contreras;3156091438;clfirigua2020@gmail.com;1007765588;clfirigua;Triangulo135
Carlos Andres;Firigua Contreras;3156091439;clfirigua2020@gmail.com;1007765589;clfirigua;Triangulo136
Carlos Andres;Firigua Contreras;3156091440;clfirigua2020gmail.com;1007765590;clfirigua;Triangulo137
Carlos Andres;Firigua Contreras;3156091441;clfirigua2020@gmail;1007765591;clfirigua;Triangulo138
Carlos Andres;Firigua Contreras;3156091442;clfirigua2020@gmail;1007765592;;
Carlos Andres;Firigua Contreras;3156091443;clfirigua2020@gmail.com;1007765593;clfirigua;Triangulo139
Carlos Andres;Firigua Contreras;3156091444;clfirigua2020@gmail.com;1007765594;clfirigua;Triangulo140
Carlos Andres;Firigua Contreras;3156091445;clfirigua2020@gmail.com;1007765595;clfirigua;Triangulo141
Carlos Andres;Firigua Contreras;3156091446;clfirigua2020gmail.com;1007765596;clfirigua;Triangulo142
Carlos Andres;Firigua Contreras;3156091447;clfirigua2020@gmail;1007765597;clfirigua;Triangulo143
Carlos Andres;Firigua Contreras;3156091448;clfirigua2020@gmail;1007765598;;
Carlos Andres;Firigua Contreras;3156091449;clfirigua2020@gmail.com;1007765599;clfirigua;Triangulo144
Carlos Andres;Firigua Contreras;3156091450;clfirigua2020@gmail.com;1007765600;clfirigua;Triangulo145
Carlos Andres;Firigua Contreras;3156091451;clfirigua2020@gmail.com;1007765601;clfirigua;Triangulo146
Carlos Andres;Firigua Contreras;3156091452;clfirigua2020gmail.com;1007765602;clfirigua;Triangulo147
Carlos Andres;Firigua Contreras;3156091453;clfirigua2020@gmail;1007765603;clfirigua;Triangulo148
Carlos Andres;Firigua Contreras;3156091454;clfirigua2020@gmail;1007765604;;
Carlos Andres;Firigua Contreras;3156091455;clfirigua2020@gmail.com;1007765605;clfirigua;Triangulo149
Carlos Andres;Firigua Contreras;3156091456;clfirigua2020@gmail.com;1007765606;clfirigua;Triangulo150
Carlos Andres;Firigua Contreras;3156091457;clfirigua2020@gmail.com;1007765607;clfirigua;Triangulo151
Carlos Andres;Firigua Contreras;3156091458;clfirigua2020gmail.com;1007765608;clfirigua;Triangulo152
Carlos Andres;Firigua Contreras;3156091459;clfirigua2020@gmail;1007765609;clfirigua;Triangulo153
Carlos Andres;Firigua Contreras;3156091460;clfirigua2020@gmail;1007765610;;
Carlos Andres;Firigua Contreras;3156091461;clfirigua2020@gmail.com;1007765611;clfirigua;Triangulo154
Carlos Andres;Firigua Contreras;3156091462;clfirigua2020@gmail.com;1007765612;clfirigua;Triangulo155
Carlos Andres;Firigua Contreras;3156091463;clfirigua2020@gmail.com;1007765613;clfirigua;Triangulo156
Carlos Andres;Firigua Contreras;3156091464;clfirigua2020gmail.com;1007765614;clfirigua;Triangulo157
Carlos Andres;Firigua Contreras;3156091465;clfirigua2020@gmail;1007765615;clfirigua;Triangulo158
Carlos Andres;Firigua Contreras;3156091466;clfirigua2020@gmail;1007765616;;
Carlos Andres;Firigua Contreras;3156091467;clfirigua2020@gmail.com;1007765617;clfirigua;Triangulo159
Carlos Andres;Firigua Contreras;3156091468;clfirigua2020@gmail.com;1007765618;clfirigua;Triangulo160
Carlos Andres;Firigua Contreras;3156091469;clfirigua2020@gmail.com;1007765619;clfirigua;Triangulo161
Carlos Andres;Firigua Contreras;3156091470;clfirigua2020gmail.com;1007765620;clfirigua;Triangulo162
Carlos Andres;Firigua Contreras;3156091471;clfirigua2020@gmail;1007765621;clfirigua;Triangulo163
Carlos Andres;Firigua Contreras;3156091472;clfirigua2020@gmail;1007765622;;
Carlos Andres;Firigua Contreras;3156091473;clfirigua2020@gmail.com;1007765623;clfirigua;Triangulo164
Carlos Andres;Firigua Contreras;3156091474;clfirigua2020@gmail.com;1007765624;clfirigua;Triangulo165
Carlos Andres;Firigua Contreras;3156091475;clfirigua2020@gmail.com;1007765625;clfirigua;Triangulo166
Carlos Andres;Firigua Contreras;3156091476;clfirigua2020gmail.com;1007765626;clfirigua;Triangulo167
Carlos Andres;Firigua Contreras;3156091477;clfirigua2020@gmail;1007765627;clfirigua;Triangulo168
Carlos Andres;Firigua Contreras;3156091478;clfirigua2020@gmail;1007765628;;
Carlos Andres;Firigua Contreras;3156091479;clfirigua2020@gmail.com;1007765629;clfirigua;Triangulo169
Carlos Andres;Firigua Contreras;3156091480;clfirigua2020@gmail.com;1007765630;clfirigua;Triangulo170
Carlos Andres;Firigua Contreras;3156091481;clfirigua2020@gmail.com;1007765631;clfirigua;Triangulo171
Carlos Andres;Firigua Contreras;3156091482;clfirigua2020gmail.com;1007765632;clfirigua;Triangulo172
Carlos Andres;Firigua Contreras;3156091483;clfirigua2020@gmail;1007765633;clfirigua;Triangulo173
Carlos Andres;Firigua Contreras;3156091484;clfirigua2020@gmail;1007765634;;
Carlos Andres;Firigua Contreras;3156091485;clfirigua2020@gmail.com;1007765635;clfirigua;Triangulo174
Carlos Andres;Firigua Contreras;3156091486;clfirigua2020@gmail.com;1007765636;clfirigua;Triangulo175
Carlos Andres;Firigua Contreras;3156091487;clfirigua2020@gmail.com;1007765637;clfirigua;Triangulo176
Carlos Andres;Firigua Contreras;3156091488;clfirigua2020gmail.com;1007765638;clfirigua;Triangulo177
Carlos Andres;Firigua Contreras;3156091489;clfirigua2020@gmail;1007765639;clfirigua;Triangulo178
Carlos Andres;Firigua Contreras;3156091490;clfirigua2020@gmail;1007765640;;
Carlos Andres;Firigua Contreras;3156091491;clfirigua2020@gmail.com;1007765641;clfirigua;Triangulo179
Carlos Andres;Firigua Contreras;3156091492;clfirigua2020@gmail.com;1007765642;clfirigua;Triangulo180
Carlos Andres;Firigua Contreras;3156091493;clfirigua2020@gmail.com;1007765643;clfirigua;Triangulo181
Carlos Andres;Firigua Contreras;3156091494;clfirigua2020gmail.com;1007765644;clfirigua;Triangulo182
Carlos Andres;Firigua Contreras;3156091495;clfirigua2020@gmail;1007765645;clfirigua;Triangulo183
Carlos Andres;Firigua Contreras;3156091496;clfirigua2020@gmail;1007765646;;
Carlos Andres;Firigua Contreras;3156091497;clfirigua2020@gmail.com;1007765647;clfirigua;Triangulo184
Carlos Andres;Firigua Contreras;3156091498;clfirigua2020@gmail.com;1007765648;clfirigua;Triangulo185
Carlos Andres;Firigua Contreras;3156091499;clfirigua2020@gmail.com;1007765649;clfirigua;Triangulo186
Carlos Andres;Firigua Contreras;3156091500;clfirigua2020gmail.com;1007765650;clfirigua;Triangulo187
Carlos Andres;Firigua Contreras;3156091501;clfirigua2020@gmail;1007765651;clfirigua;Triangulo188
Carlos Andres;Firigua Contreras;3156091502;clfirigua2020@gmail;1007765652;;
Carlos Andres;Firigua Contreras;3156091503;clfirigua2020@gmail.com;1007765653;clfirigua;Triangulo189
Carlos Andres;Firigua Contreras;3156091504;clfirigua2020@gmail.com;1007765654;clfirigua;Triangulo190
Carlos Andres;Firigua Contreras;3156091505;clfirigua2020@gmail.com;1007765655;clfirigua;Triangulo191
Carlos Andres;Firigua Contreras;3156091506;clfirigua2020gmail.com;1007765656;clfirigua;Triangulo192
Carlos Andres;Firigua Contreras;3156091507;clfirigua2020@gmail;1007765657;clfirigua;Triangulo193
Carlos Andres;Firigua Contreras;3156091508;clfirigua2020@gmail;1007765658;;
Carlos Andres;Firigua Contreras;3156091509;clfirigua2020@gmail.com;1007765659;clfirigua;Triangulo194
Carlos Andres;Firigua Contreras;3156091510;clfirigua2020@gmail.com;1007765660;clfirigua;Triangulo195
Carlos Andres;Firigua Contreras;3156091511;clfirigua2020@gmail.com;1007765661;clfirigua;Triangulo196
Carlos Andres;Firigua Contreras;3156091512;clfirigua2020gmail.com;1007765662;clfirigua;Triangulo197
Carlos Andres;Firigua Contreras;3156091513;clfirigua2020@gmail;1007765663;clfirigua;Triangulo198
Carlos Andres;Firigua Contreras;3156091514;clfirigua2020@gmail;1007765664;;
Carlos Andres;Firigua Contreras;3156091515;clfirigua2020@gmail.com;1007765665;clfirigua;Triangulo199
Carlos Andres;Firigua Contreras;3156091516;clfirigua2020@gmail.com;1007765666;clfirigua;Triangulo200
Carlos Andres;Firigua Contreras;3156091517;clfirigua2020@gmail.com;1007765667;clfirigua;Triangulo201
Carlos Andres;Firigua Contreras;3156091518;clfirigua2020gmail.com;1007765668;clfirigua;Triangulo202
Carlos Andres;Firigua Contreras;3156091519;clfirigua2020@gmail;1007765669;clfirigua;Triangulo203
Carlos Andres;Firigua Contreras;3156091520;clfirigua2020@gmail;1007765670;;
Carlos Andres;Firigua Contreras;3156091521;clfirigua2020@gmail.com;1007765671;clfirigua;Triangulo204
Carlos Andres;Firigua Contreras;3156091522;clfirigua2020@gmail.com;1007765672;clfirigua;Triangulo205
Carlos Andres;Firigua Contreras;3156091523;clfirigua2020@gmail.com;1007765673;clfirigua;Triangulo206
Carlos Andres;Firigua Contreras;3156091524;clfirigua2020gmail.com;1007765674;clfirigua;Triangulo207
Carlos Andres;Firigua Contreras;3156091525;clfirigua2020@gmail;1007765675;clfirigua;Triangulo208
Carlos Andres;Firigua Contreras;3156091526;clfirigua2020@gmail;1007765676;;
Carlos Andres;Firigua Contreras;3156091527;clfirigua2020@gmail.com;1007765677;clfirigua;Triangulo209
Carlos Andres;Firigua Contreras;3156091528;clfirigua2020@gmail.com;1007765678;clfirigua;Triangulo210
Carlos Andres;Firigua Contreras;3156091529;clfirigua2020@gmail.com;1007765679;clfirigua;Triangulo211
Carlos Andres;Firigua Contreras;3156091530;clfirigua2020gmail.com;1007765680;clfirigua;Triangulo212
Carlos Andres;Firigua Contreras;3156091531;clfirigua2020@gmail;1007765681;clfirigua;Triangulo213
Carlos Andres;Firigua Contreras;3156091532;clfirigua2020@gmail;1007765682;;
Carlos Andres;Firigua Contreras;3156091533;clfirigua2020@gmail.com;1007765683;clfirigua;Triangulo214
Carlos Andres;Firigua Contreras;3156091534;clfirigua2020@gmail.com;1007765684;clfirigua;Triangulo215
Carlos Andres;Firigua Contreras;3156091535;clfirigua2020@gmail.com;1007765685;clfirigua;Triangulo216
Carlos Andres;Firigua Contreras;3156091536;clfirigua2020gmail.com;1007765686;clfirigua;Triangulo217
Carlos Andres;Firigua Contreras;3156091537;clfirigua2020@gmail;1007765687;clfirigua;Triangulo218
Carlos Andres;Firigua Contreras;3156091538;clfirigua2020@gmail;1007765688;;
Carlos Andres;Firigua Contreras;3156091539;clfirigua2020@gmail.com;1007765689;clfirigua;Triangulo219
Carlos Andres;Firigua Contreras;3156091540;clfirigua2020@gmail.com;1007765690;clfirigua;Triangulo220
Carlos Andres;Firigua Contreras;3156091541;clfirigua2020@gmail.com;1007765691;clfirigua;Triangulo221
Carlos Andres;Firigua Contreras;3156091542;clfirigua2020gmail.com;1007765692;clfirigua;Triangulo222
Carlos Andres;Firigua Contreras;3156091543;clfirigua2020@gmail;1007765693;clfirigua;Triangulo223
Carlos Andres;Firigua Contreras;3156091544;clfirigua2020@gmail;1007765694;;
Carlos Andres;Firigua Contreras;3156091545;clfirigua2020@gmail.com;1007765695;clfirigua;Triangulo224
Carlos Andres;Firigua Contreras;3156091546;clfirigua2020@gmail.com;1007765696;clfirigua;Triangulo225
